lordofalltech,ace8d648-49dd-3443-93f6-686269e9108a
_mehh_,25163474-fd88-403f-aba1-fac50d4cf763
_nagini,6243c557-bab3-31be-97bf-9bcbacc426d1
caio_suzuki,bdfd12e8-ad25-4ac7-b865-c327d7d755c3
clowntimez,653899b1-0764-3616-bbae-141332126d67
fpbagel,782d09a0-51a8-378f-9e49-45e43e70ac07
nagatakeaoyama,ba590642-c925-40ed-8b71-04c12fb52745
baby_thundurh,9e19805a-64c8-3234-bd11-4412ff5b66ef
maoise,6999717b-98f0-46c0-ad22-27e36776882e
staffisgay,fb715ada-1dc8-3ddb-94fd-ad3ce54fe4c8
heavyweevil41,6ffdabb3-d1b3-304b-9c43-aef9f4c8bd65
summerlightdark,a2d7eca5-5437-3a45-8104-ce822c4c01df
dystopiia,00529acb-2d70-45dc-b9ef-3fb959ea464f
crindaicanelatas,210086d6-9622-44b9-96b9-59b74bb66a45
asdaf,171157a7-17d1-30b0-815f-c4789f4bedec
emilythedancer,5c35a49b-2b1f-4acf-a76a-29233efba68f
c_qh,69dee12f-aeb9-42d2-ae08-b68737cf677a
drfriedchicken,ba9bb828-e0f8-4d0a-98d9-a5ab8113b1e8
server_land,dace5851-6a0a-3eb4-ad2b-05ba8749e3e6
googoopuffman,89b8883d-505c-4f82-ab96-5ab0c138e953
storyswapasriel,ada6eb27-9d65-4ac8-9dca-3d375d2faf24
thecactusking_,e61af745-d574-44a0-8b41-d494a717f5c5
dkjole28,42aca50e-ed8f-4a72-a5e6-6f0ae5160fea
antdd29,4923083a-ef76-4807-a080-7f9f55f49321
coffin_,902803b7-7574-448c-82a6-484b70bcad68
tholddragon,62bc5d40-cbfa-350b-ab10-8e4513987607
yuangao,2c501cee-e631-390b-b279-2934a9d81c46
dougiie,eeb06af6-e1b2-47bd-a6c0-d6ffa810dee5
spk_dante,dcea9e70-4f31-4f8d-b708-4471a021b519
alandrawsop4,ac165455-ec78-4291-a8be-a157d247f4eb
goosesd,d1d032e3-c03f-345e-a445-1e95b3812648
givecheeseplease,e96929d2-f511-3792-87e6-48a54aafdd8c
